{
  "name": "frontend",
  "version": "0.0.0",
  "lockfileVersion": 3,
  "requires": true,
  "packages": {
    "": {
      "name": "frontend",
      "version": "0.0.0",
      "dependencies": {
        "react": "^19.1.1",
        "react-dom": "^19.1.1"
      },
      "devDependencies": {
        "@eslint/js": "^9.36.0",
        "@types/react": "^19.1.16",
        "@types/react-dom": "^19.1.9",
        "@vitejs/plugin-react": "^5.0.4",
        "autoprefixer": "^10.4.21",
        "eslint": "^9.36.0",
        "eslint-plugin-react-hooks": "^5.2.0",
        "eslint-plugin-react-refresh": "^0.4.22",
        "globals": "^16.4.0",
        "postcss": "^8.5.6",
        "tailwindcss": "^3.4.14",
        "vite": "^7.1.7"
      }
    },
    "node_modules/@alloc/quick-lru": {
      "version": "5.2.0",
      "dev": true,
      "license": "MIT",
      "engines": {
        "node": ">=10"
      },
      "funding": {
        "url": "https://github.com/sponsors/sindresorhus"
      }
    },
    "node_modules/@babel/code-frame": {
      "version": "7.27.1",
      "dev": true,
      "license": "MIT",
      "dependencies": {
        "@babel/helper-validator-identifier": "^7.27.1",
        "js-tokens": "^4.0.0",
        "picocolors": "^1.1.1"
      },
      "engines": {
        "node": ">=6.9.0"
      }
    },
    "node_modules/@babel/compat-data": {
      "version": "7.28.5",
      "dev": true,
      "license": "MIT",
      "engines": {
        "node": ">=6.9.0"
      }
    },
    "node_modules/@babel/core": {
      "version": "7.28.5",
      "dev": true,
      "license": "MIT",
      "dependencies": {
        "@babel/code-frame": "^7.27.1",
        "@babel/generator": "^7.28.5",
        "@babel/helper-compilation-targets": "^7.27.2",
        "@babel/helper-module-transforms": "^7.28.3",
        "@babel/helpers": "^7.28.4",
        "@babel/parser": "^7.28.5",
        "@babel/template": "^7.27.2",
        "@babel/traverse": "^7.28.5",
        "@babel/types": "^7.28.5",
        "@jridgewell/remapping": "^2.3.5",
        "convert-source-map": "^2.0.0",
        "debug": "^4.1.0",
        "gensync": "^1.0.0-beta.2",
        "json5": "^2.2.3",
        "semver": "^6.3.1"
      },
      "engines": {
        "node": ">=6.9.0"
      },
      "funding": {
        "type": "opencollective",
        "url": "https://opencollective.com/babel"
      }
    },
    "node_modules/@babel/generator": {
      "version": "7.28.5",
      "dev": true,
      "license": "MIT",
      "dependencies": {
        "@babel/parser": "^7.28.5",
        "@babel/types": "^7.28.5",
        "@jridgewell/gen-mapping": "^0.3.12",
        "@jridgewell/trace-mapping": "^0.3.28",
        "jsesc": "^3.0.2"
      },
      "engines": {
        "node": ">=6.9.0"
      }
    },
    "node_modules/@babel/helper-compilation-targets": {
      "version": "7.27.2",
      "dev": true,
      "license": "MIT",
      "dependencies": {
        "@babel/compat-data": "^7.27.2",
        "@babel/helper-validator-option": "^7.27.1",
        "browserslist": "^4.24.0",
        "lru-cache": "^5.1.1",
        "semver": "^6.3.1"
      },
      "engines": {
        "node": ">=6.9.0"
      }
    },
    "node_modules/@babel/helper-globals": {
      "version": "7.28.0",
      "dev": true,
      "license": "MIT",
      "engines": {
        "node": ">=6.9.0"
      }
    },
    "node_modules/@babel/helper-module-imports": {
      "version": "7.27.1",
      "dev": true,
      "license": "MIT",
      "dependencies": {
        "@babel/traverse": "^7.27.1",
        "@babel/types": "^7.27.1"
      },
      "engines": {
        "node": ">=6.9.0"
      }
    },
    "node_modules/@babel/helper-module-transforms": {
      "version": "7.28.3",
      "dev": true,
      "license": "MIT",
      "dependencies": {
        "@babel/helper-module-imports": "^7.27.1",
        "@babel/helper-validator-identifier": "^7.27.1",
        "@babel/traverse": "^7.28.3"
      },
      "engines": {
        "node": ">=6.9.0"
      },
      "peerDependencies": {
        "@babel/core": "^7.0.0"
      }
    },
    "node_modules/@babel/helper-plugin-utils": {
      "version": "7.27.1",
      "dev": true,
      "license": "MIT",
      "engines": {
        "node": ">=6.9.0"
      }
    },
    "node_modules/@babel/helper-string-parser": {
      "version": "7.27.1",
      "dev": true,
      "license": "MIT",
      "engines": {
        "node": ">=6.9.0"
      }
    },
    "node_modules/@babel/helper-validator-identifier": {
      "version": "7.28.5",
      "dev": true,
      "license": "MIT",
      "engines": {
        "node": ">=6.9.0"
      }
    },
    "node_modules/@babel/helper-validator-option": {
      "version": "7.27.1",
      "dev": true,
      "license": "MIT",
      "engines": {
        "node": ">=6.9.0"
      }
    },
    "node_modules/@babel/helpers": {
      "version": "7.28.4",
      "dev": true,
      "license": "MIT",
      "dependencies": {
        "@babel/template": "^7.27.2",
        "@babel/types": "^7.28.4"
      },
      "engines": {
        "node": ">=6.9.0"
      }
    },
    "node_modules/@babel/parser": {
      "version": "7.28.5",
      "dev": true,
      "license": "MIT",
      "dependencies": {
        "@babel/types": "^7.28.5"
      },
      "bin": {
        "parser": "bin/babel-parser.js"
      },
      "engines": {
        "node": ">=6.0.0"
      }
    },
    "node_modules/@babel/plugin-transform-react-jsx-self": {
      "version": "7.27.1",
      "dev": true,
      "license": "MIT",
      "dependencies": {
        "@babel/helper-plugin-utils": "^7.27.1"
      },
      "engines": {
        "node": ">=6.9.0"
      },
      "peerDependencies": {
        "@babel/core": "^7.0.0-0"
      }
    },
    "node_modules/@babel/plugin-transform-react-jsx-source": {
      "version": "7.27.1",
      "dev": true,
      "license": "MIT",
      "dependencies": {
        "@babel/helper-plugin-utils": "^7.27.1"
      },
      "engines": {
        "node": ">=6.9.0"
      },
      "peerDependencies": {
        "@babel/core": "^7.0.0-0"
      }
    },
    "node_modules/@babel/template": {
      "version": "7.27.2",
      "dev": true,
      "license": "MIT",
      "dependencies": {
        "@babel/code-frame": "^7.27.1",
        "@babel/parser": "^7.27.2",
        "@babel/types": "^7.27.1"
      },
      "engines": {
        "node": ">=6.9.0"
      }
    },
    "node_modules/@babel/traverse": {
      "version": "7.28.5",
      "dev": true,
      "license": "MIT",
      "dependencies": {
        "@babel/code-frame": "^7.27.1",
        "@babel/generator": "^7.28.5",
        "@babel/helper-globals": "^7.28.0",
        "@babel/parser": "^7.28.5",
        "@babel/template": "^7.27.2",
        "@babel/types": "^7.28.5",
        "debug": "^4.3.1"
      },
      "engines": {
        "node": ">=6.9.0"
      }
    },
    "node_modules/@babel/types": {
      "version": "7.28.5",
      "dev": true,
      "license": "MIT",
      "dependencies": {
        "@babel/helper-string-parser": "^7.27.1",
        "@babel/helper-validator-identifier": "^7.28.5"
      },
      "engines": {
        "node": ">=6.9.0"
      }
    },
    "node_modules/@esbuild/darwin-arm64": {
      "version": "0.25.12",
      "cpu": [
        "arm64"
      ],
      "dev": true,
      "license": "MIT",
      "optional": true,
      "os": [
        "darwin"
      ],
      "engines": {
        "node": ">=18"
      }
    },
    "node_modules/@eslint-community/eslint-utils": {
      "version": "4.9.0",
      "dev": true,
      "license": "MIT",
      "dependencies": {
        "eslint-visitor-keys": "^3.4.3"
      },
      "engines": {
        "node": "^12.22.0 || ^14.17.0 || >=16.0.0"
      },
      "funding": {
        "url": "https://opencollective.com/eslint"
      },
      "peerDependencies": {
        "eslint": "^6.0.0 || ^7.0.0 || >=8.0.0"
      }
    },
    "node_modules/@eslint-community/eslint-utils/node_modules/eslint-visitor-keys": {
      "version": "3.4.3",
      "dev": true,
      "license": "Apache-2.0",
      "engines": {
        "node": "^12.22.0 || ^14.17.0 || >=16.0.0"
      },
      "funding": {
        "url": "https://opencollective.com/eslint"
      }
    },
    "node_modules/@eslint-community/regexpp": {
      "version": "4.12.2",
      "dev": true,
      "license": "MIT",
      "engines": {
        "node": "^12.0.0 || ^14.0.0 || >=16.0.0"
      }
    },
    "node_modules/@eslint/config-array": {
      "version": "0.21.1",
      "dev": true,
      "license": "Apache-2.0",
      "dependencies": {
        "@eslint/object-schema": "^2.1.7",
        "debug": "^4.3.1",
        "minimatch": "^3.1.2"
      },
      "engines": {
        "node": "^18.18.0 || ^20.9.0 || >=21.1.0"
      }
    },
    "node_modules/@eslint/config-helpers": {
      "version": "0.4.2",
      "dev": true,
      "license": "Apache-2.0",
      "dependencies": {
        "@eslint/core": "^0.17.0"
      },
      "engines": {
        "node": "^18.18.0 || ^20.9.0 || >=21.1.0"
      }
    },
    "node_modules/@eslint/core": {
      "version": "0.17.0",
      "dev": true,
      "license": "Apache-2.0",
      "dependencies": {
        "@types/json-schema": "^7.0.15"
      },
      "engines": {
        "node": "^18.18.0 || ^20.9.0 || >=21.1.0"
      }
    },
    "node_modules/@eslint/eslintrc": {
      "version": "3.3.1",
      "dev": true,
      "license": "MIT",
      "dependencies": {
        "ajv": "^6.12.4",
        "debug": "^4.3.2",
        "espree": "^10.0.1",
        "globals": "^14.0.0",
        "ignore": "^5.2.0",
        "import-fresh": "^3.2.1",
        "js-yaml": "^4.1.0",
        "minimatch": "^3.1.2",
        "strip-json-comments": "^3.1.1"
      },
      "engines": {
        "node": "^18.18.0 || ^20.9.0 || >=21.1.0"
      },
      "funding": {
        "url": "https://opencollective.com/eslint"
      }
    },
    "node_modules/@eslint/eslintrc/node_modules/globals": {
      "version": "14.0.0",
      "dev": true,
      "license": "MIT",
      "engines": {
        "node": ">=18"
      },
      "funding": {
        "url": "https://github.com/sponsors/sindresorhus"
      }
    },
    "node_modules/@eslint/js": {
      "version": "9.39.1",
      "dev": true,
      "license": "MIT",
      "engines": {
        "node": "^18.18.0 || ^20.9.0 || >=21.1.0"
      },
      "funding": {
        "url": "https://eslint.org/donate"
      }
    },
    "node_modules/@eslint/object-schema": {
      "version": "2.1.7",
      "dev": true,
      "license": "Apache-2.0",
      "engines": {
        "node": "^18.18.0 || ^20.9.0 || >=21.1.0"
      }
    },
    "node_modules/@eslint/plugin-kit": {
      "version": "0.4.1",
      "dev": true,
      "license": "Apache-2.0",
      "dependencies": {
        "@eslint/core": "^0.17.0",
        "levn": "^0.4.1"
      },
      "engines": {
        "node": "^18.18.0 || ^20.9.0 || >=21.1.0"
      }
    },
    "node_modules/@humanfs/core": {
      "version": "0.19.1",
      "dev": true,
      "license": "Apache-2.0",
      "engines": {
        "node": ">=18.18.0"
      }
    },
    "node_modules/@humanfs/node": {
      "version": "0.16.7",
      "dev": true,
      "license": "Apache-2.0",
      "dependencies": {
        "@humanfs/core": "^0.19.1",
        "@humanwhocodes/retry": "^0.4.0"
      },
      "engines": {
        "node": ">=18.18.0"
      }
    },
    "node_modules/@humanwhocodes/module-importer": {
      "version": "1.0.1",
      "dev": true,
      "license": "Apache-2.0",
      "engines": {
        "node": ">=12.22"
      },
      "funding": {
        "type": "github",
        "url": "https://github.com/sponsors/nzakas"
      }
    },
    "node_modules/@humanwhocodes/retry": {
      "version": "0.4.3",
      "dev": true,
      "license": "Apache-2.0",
      "engines": {
        "node": ">=18.18"
      },
      "funding": {
        "type": "github",
        "url": "https://github.com/sponsors/nzakas"
      }
    },
    "node_modules/@isaacs/cliui": {
      "version": "8.0.2",
      "dev": true,
      "license": "ISC",
      "dependencies": {
        "string-width": "^5.1.2",
        "string-width-cjs": "npm:string-width@^4.2.0",
        "strip-ansi": "^7.0.1",
        "strip-ansi-cjs": "npm:strip-ansi@^6.0.1",
        "wrap-ansi": "^8.1.0",
        "wrap-ansi-cjs": "npm:wrap-ansi@^7.0.0"
      },
      "engines": {
        "node": ">=12"
      }
    },
    "node_modules/@jridgewell/gen-mapping": {
      "version": "0.3.13",
      "dev": true,
      "license": "MIT",
      "dependencies": {
        "@jridgewell/sourcemap-codec": "^1.5.0",
        "@jridgewell/trace-mapping": "^0.3.24"
      }
    },
    "node_modules/@jridgewell/remapping": {
      "version": "2.3.5",
      "dev": true,
      "license": "MIT",
      "dependencies": {
        "@jridgewell/gen-mapping": "^0.3.5",
        "@jridgewell/trace-mapping": "^0.3.24"
      }
    },
    "node_modules/@jridgewell/resolve-uri": {
      "version": "3.1.2",
      "dev": true,
      "license": "MIT",
      "engines": {
        "node": ">=6.0.0"
      }
    },
    "node_modules/@jridgewell/sourcemap-codec": {
      "version": "1.5.5",
      "dev": true,
      "license": "MIT"
    },
    "node_modules/@jridgewell/trace-mapping": {
      "version": "0.3.31",
      "dev": true,
      "license": "MIT",
      "dependencies": {
        "@jridgewell/resolve-uri": "^3.1.0",
        "@jridgewell/sourcemap-codec": "^1.4.14"
      }
    },
    "node_modules/@nodelib/fs.scandir": {
      "version": "2.1.5",
      "dev": true,
      "license": "MIT",
      "dependencies": {
        "@nodelib/fs.stat": "2.0.5",
        "run-parallel": "^1.1.9"
      },
      "engines": {
        "node": ">= 8"
      }
    },
    "node_modules/@nodelib/fs.stat": {
      "version": "2.0.5",
      "dev": true,
      "license": "MIT",
      "engines": {
        "node": ">= 8"
      }
    },
    "node_modules/@nodelib/fs.walk": {
      "version": "1.2.8",
      "dev": true,
      "license": "MIT",
      "dependencies": {
        "@nodelib/fs.scandir": "2.1.5",
        "fastq": "^1.6.0"
      },
      "engines": {
        "node": ">= 8"
      }
    },
    "node_modules/@pkgjs/parseargs": {
      "version": "0.11.0",
      "dev": true,
      "license": "MIT",
      "optional": true,
      "engines": {
        "node": ">=14"
      }
    },
    "node_modules/@rolldown/pluginutils": {
      "version": "1.0.0-beta.43",
      "dev": true,
      "license": "MIT"
    },
    "node_modules/@rollup/rollup-darwin-arm64": {
      "version": "4.53.1",
      "cpu": [
        "arm64"
      ],
      "dev": true,
      "license": "MIT",
      "optional": true,
      "os": [
        "darwin"
      ]
    },
    "node_modules/@types/babel__core": {
      "version": "7.20.5",
      "dev": true,
      "license": "MIT",
      "dependencies": {
        "@babel/parser": "^7.20.7",
        "@babel/types": "^7.20.7",
        "@types/babel__generator": "*",
        "@types/babel__template": "*",
        "@types/babel__traverse": "*"
      }
    },
    "node_modules/@types/babel__generator": {
      "version": "7.27.0",
      "dev": true,
      "license": "MIT",
      "dependencies": {
        "@babel/types": "^7.0.0"
      }
    },
    "node_modules/@types/babel__template": {
      "version": "7.4.4",
      "dev": true,
      "license": "MIT",
      "dependencies": {
        "@babel/parser": "^7.1.0",
        "@babel/types": "^7.0.0"
      }
    },
    "node_modules/@types/babel__traverse": {
      "version": "7.28.0",
      "dev": true,
      "license": "MIT",
      "dependencies": {
        "@babel/types": "^7.28.2"
      }
    },
    "node_modules/@types/estree": {
      "version": "1.0.8",
      "dev": true,
      "license": "MIT"
    },
    "node_modules/@types/json-schema": {
      "version": "7.0.15",
      "dev": true,
      "license": "MIT"
    },
    "node_modules/@types/react": {
      "version": "19.2.2",
      "dev": true,
      "license": "MIT",
      "dependencies": {
        "csstype": "^3.0.2"
      }
    },
    "node_modules/@types/react-dom": {
      "version": "19.2.2",
      "dev": true,
      "license": "MIT",
      "peerDependencies": {
        "@types/react": "^19.2.0"
      }
    },
    "node_modules/@vitejs/plugin-react": {
      "version": "5.1.0",
      "dev": true,
      "license": "MIT",
      "dependencies": {
        "@babel/core": "^7.28.4",
        "@babel/plugin-transform-react-jsx-self": "^7.27.1",
        "@babel/plugin-transform-react-jsx-source": "^7.27.1",
        "@rolldown/pluginutils": "1.0.0-beta.43",
        "@types/babel__core": "^7.20.5",
        "react-refresh": "^0.18.0"
      },
      "engines": {
        "node": "^20.19.0 || >=22.12.0"
      },
      "peerDependencies": {
        "vite": "^4.2.0 || ^5.0.0 || ^6.0.0 || ^7.0.0"
      }
    },
    "node_modules/acorn": {
      "version": "8.15.0",
      "dev": true,
      "license": "MIT",
      "bin": {
        "acorn": "bin/acorn"
      },
      "engines": {
        "node": ">=0.4.0"
      }
    },
    "node_modules/acorn-jsx": {
      "version": "5.3.2",
      "dev": true,
      "license": "MIT",
      "peerDependencies": {
        "acorn": "^6.0.0 || ^7.0.0 || ^8.0.0"
      }
    },
    "node_modules/ajv": {
      "version": "6.12.6",
      "dev": true,
      "license": "MIT",
      "dependencies": {
        "fast-deep-equal": "^3.1.1",
        "fast-json-stable-stringify": "^2.0.0",
        "json-schema-traverse": "^0.4.1",
        "uri-js": "^4.2.2"
      },
      "funding": {
        "type": "github",
        "url": "https://github.com/sponsors/epoberezkin"
      }
    },
    "node_modules/ansi-regex": {
      "version": "6.2.2",
      "dev": true,
      "license": "MIT",
      "engines": {
        "node": ">=12"
      },
      "funding": {
        "url": "https://github.com/chalk/ansi-regex?sponsor=1"
      }
    },
    "node_modules/ansi-styles": {
      "version": "4.3.0",
      "dev": true,
      "license": "MIT",
      "dependencies": {
        "color-convert": "^2.0.1"
      },
      "engines": {
        "node": ">=8"
      },
      "funding": {
        "url": "https://github.com/chalk/ansi-styles?sponsor=1"
      }
    },
    "node_modules/any-promise": {
      "version": "1.3.0",
      "dev": true,
      "license": "MIT"
    },
    "node_modules/anymatch": {
      "version": "3.1.3",
      "dev": true,
      "license": "ISC",
      "dependencies": {
        "normalize-path": "^3.0.0",
        "picomatch": "^2.0.4"
      },
      "engines": {
        "node": ">= 8"
      }
    },
    "node_modules/anymatch/node_modules/picomatch": {
      "version": "2.3.1",
      "dev": true,
      "license": "MIT",
      "engines": {
        "node": ">=8.6"
      },
      "funding": {
        "url": "https://github.com/sponsors/jonschlinkert"
      }
    },
    "node_modules/arg": {
      "version": "5.0.2",
      "dev": true,
      "license": "MIT"
    },
    "node_modules/argparse": {
      "version": "2.0.1",
      "dev": true,
      "license": "Python-2.0"
    },
    "node_modules/autoprefixer": {
      "version": "10.4.21",
      "dev": true,
      "funding": [
        {
          "type": "opencollective",
          "url": "https://opencollective.com/postcss/"
        },
        {
          "type": "tidelift",
          "url": "https://tidelift.com/funding/github/npm/autoprefixer"
        },
        {
          "type": "github",
          "url": "https://github.com/sponsors/ai"
        }
      ],
      "license": "MIT",
      "dependencies": {
        "browserslist": "^4.24.4",
        "caniuse-lite": "^1.0.30001702",
        "fraction.js": "^4.3.7",
        "normalize-range": "^0.1.2",
        "picocolors": "^1.1.1",
        "postcss-value-parser": "^4.2.0"
      },
      "bin": {
        "autoprefixer": "bin/autoprefixer"
      },
      "engines": {
        "node": "^10 || ^12 || >=14"
      },
      "peerDependencies": {
        "postcss": "^8.1.0"
      }
    },
    "node_modules/balanced-match": {
      "version": "1.0.2",
      "dev": true,
      "license": "MIT"
    },
    "node_modules/baseline-browser-mapping": {
      "version": "2.8.25",
      "dev": true,
      "license": "Apache-2.0",
      "bin": {
        "baseline-browser-mapping": "dist/cli.js"
      }
    },
    "node_modules/binary-extensions": {
      "version": "2.3.0",
      "dev": true,
      "license": "MIT",
      "engines": {
        "node": ">=8"
      },
      "funding": {
        "url": "https://github.com/sponsors/sindresorhus"
      }
    },
    "node_modules/brace-expansion": {
      "version": "1.1.12",
      "dev": true,
      "license": "MIT",
      "dependencies": {
        "balanced-match": "^1.0.0",
        "concat-map": "0.0.1"
      }
    },
    "node_modules/braces": {
      "version": "3.0.3",
      "dev": true,
      "license": "MIT",
      "dependencies": {
        "fill-range": "^7.1.1"
      },
      "engines": {
        "node": ">=8"
      }
    },
    "node_modules/browserslist": {
      "version": "4.27.0",
      "dev": true,
      "funding": [
        {
          "type": "opencollective",
          "url": "https://opencollective.com/browserslist"
        },
        {
          "type": "tidelift",
          "url": "https://tidelift.com/funding/github/npm/browserslist"
        },
        {
          "type": "github",
          "url": "https://github.com/sponsors/ai"
        }
      ],
      "license": "MIT",
      "dependencies": {
        "baseline-browser-mapping": "^2.8.19",
        "caniuse-lite": "^1.0.30001751",
        "electron-to-chromium": "^1.5.238",
        "node-releases": "^2.0.26",
        "update-browserslist-db": "^1.1.4"
      },
      "bin": {
        "browserslist": "cli.js"
      },
      "engines": {
        "node": "^6 || ^7 || ^8 || ^9 || ^10 || ^11 || ^12 || >=13.7"
      }
    },
    "node_modules/callsites": {
      "version": "3.1.0",
      "dev": true,
      "license": "MIT",
      "engines": {
        "node": ">=6"
      }
    },
    "node_modules/camelcase-css": {
      "version": "2.0.1",
      "dev": true,
      "license": "MIT",
      "engines": {
        "node": ">= 6"
      }
    },
    "node_modules/caniuse-lite": {
      "version": "1.0.30001754",
      "dev": true,
      "funding": [
        {
          "type": "opencollective",
          "url": "https://opencollective.com/browserslist"
        },
        {
          "type": "tidelift",
          "url": "https://tidelift.com/funding/github/npm/caniuse-lite"
        },
        {
          "type": "github",
          "url": "https://github.com/sponsors/ai"
        }
      ],
      "license": "CC-BY-4.0"
    },
    "node_modules/chalk": {
      "version": "4.1.2",
      "dev": true,
      "license": "MIT",
      "dependencies": {
        "ansi-styles": "^4.1.0",
        "supports-color": "^7.1.0"
      },
      "engines": {
        "node": ">=10"
      },
      "funding": {
        "url": "https://github.com/chalk/chalk?sponsor=1"
      }
    },
    "node_modules/chokidar": {
      "version": "3.6.0",
      "dev": true,
      "license": "MIT",
      "dependencies": {
        "anymatch": "~3.1.2",
        "braces": "~3.0.2",
        "glob-parent": "~5.1.2",
        "is-binary-path": "~2.1.0",
        "is-glob": "~4.0.1",
        "normalize-path": "~3.0.0",
        "readdirp": "~3.6.0"
      },
      "engines": {
        "node": ">= 8.10.0"
      },
      "funding": {
        "url": "https://paulmillr.com/funding/"
      },
      "optionalDependencies": {
        "fsevents": "~2.3.2"
      }
    },
    "node_modules/chokidar/node_modules/glob-parent": {
      "version": "5.1.2",
      "dev": true,
      "license": "ISC",
      "dependencies": {
        "is-glob": "^4.0.1"
      },
      "engines": {
        "node": ">= 6"
      }
    },
    "node_modules/color-convert": {
      "version": "2.0.1",
      "dev": true,
      "license": "MIT",
      "dependencies": {
        "color-name": "~1.1.4"
      },
      "engines": {
        "node": ">=7.0.0"
      }
    },
    "node_modules/color-name": {
      "version": "1.1.4",
      "dev": true,
      "license": "MIT"
    },
    "node_modules/commander": {
      "version": "4.1.1",
      "dev": true,
      "license": "MIT",
      "engines": {
        "node": ">= 6"
      }
    },
    "node_modules/concat-map": {
      "version": "0.0.1",
      "dev": true,
      "license": "MIT"
    },
    "node_modules/convert-source-map": {
      "version": "2.0.0",
      "dev": true,
      "license": "MIT"
    },
    "node_modules/cross-spawn": {
      "version": "7.0.6",
      "dev": true,
      "license": "MIT",
      "dependencies": {
        "path-key": "^3.1.0",
        "shebang-command": "^2.0.0",
        "which": "^2.0.1"
      },
      "engines": {
        "node": ">= 8"
      }
    },
    "node_modules/cssesc": {
      "version": "3.0.0",
      "dev": true,
      "license": "MIT",
      "bin": {
        "cssesc": "bin/cssesc"
      },
      "engines": {
        "node": ">=4"
      }
    },
    "node_modules/csstype": {
      "version": "3.1.3",
      "dev": true,
      "license": "MIT"
    },
    "node_modules/debug": {
      "version": "4.4.3",
      "dev": true,
      "license": "MIT",
      "dependencies": {
        "ms": "^2.1.3"
      },
      "engines": {
        "node": ">=6.0"
      },
      "peerDependenciesMeta": {
        "supports-color": {
          "optional": true
        }
      }
    },
    "node_modules/deep-is": {
      "version": "0.1.4",
      "dev": true,
      "license": "MIT"
    },
    "node_modules/didyoumean": {
      "version": "1.2.2",
      "dev": true,
      "license": "Apache-2.0"
    },
    "node_modules/dlv": {
      "version": "1.1.3",
      "dev": true,
      "license": "MIT"
    },
    "node_modules/eastasianwidth": {
      "version": "0.2.0",
      "dev": true,
      "license": "MIT"
    },
    "node_modules/electron-to-chromium": {
      "version": "1.5.249",
      "dev": true,
      "license": "ISC"
    },
    "node_modules/emoji-regex": {
      "version": "9.2.2",
      "dev": true,
      "license": "MIT"
    },
    "node_modules/esbuild": {
      "version": "0.25.12",
      "dev": true,
      "hasInstallScript": true,
      "license": "MIT",
      "bin": {
        "esbuild": "bin/esbuild"
      },
      "engines": {
        "node": ">=18"
      },
      "optionalDependencies": {
        "@esbuild/aix-ppc64": "0.25.12",
        "@esbuild/android-arm": "0.25.12",
        "@esbuild/android-arm64": "0.25.12",
        "@esbuild/android-x64": "0.25.12",
        "@esbuild/darwin-arm64": "0.25.12",
        "@esbuild/darwin-x64": "0.25.12",
        "@esbuild/freebsd-arm64": "0.25.12",
        "@esbuild/freebsd-x64": "0.25.12",
        "@esbuild/linux-arm": "0.25.12",
        "@esbuild/linux-arm64": "0.25.12",
        "@esbuild/linux-ia32": "0.25.12",
        "@esbuild/linux-loong64": "0.25.12",
        "@esbuild/linux-mips64el": "0.25.12",
        "@esbuild/linux-ppc64": "0.25.12",
        "@esbuild/linux-riscv64": "0.25.12",
        "@esbuild/linux-s390x": "0.25.12",
        "@esbuild/linux-x64": "0.25.12",
        "@esbuild/netbsd-arm64": "0.25.12",
        "@esbuild/netbsd-x64": "0.25.12",
        "@esbuild/openbsd-arm64": "0.25.12",
        "@esbuild/openbsd-x64": "0.25.12",
        "@esbuild/openharmony-arm64": "0.25.12",
        "@esbuild/sunos-x64": "0.25.12",
        "@esbuild/win32-arm64": "0.25.12",
        "@esbuild/win32-ia32": "0.25.12",
        "@esbuild/win32-x64": "0.25.12"
      }
    },
    "node_modules/escalade": {
      "version": "3.2.0",
      "dev": true,
      "license": "MIT",
      "engines": {
        "node": ">=6"
      }
    },
    "node_modules/escape-string-regexp": {
      "version": "4.0.0",
      "dev": true,
      "license": "MIT",
      "engines": {
        "node": ">=10"
      },
      "funding": {
        "url": "https://github.com/sponsors/sindresorhus"
      }
    },
    "node_modules/eslint": {
      "version": "9.39.1",
      "dev": true,
      "license": "MIT",
      "dependencies": {
        "@eslint-community/eslint-utils": "^4.8.0",
        "@eslint-community/regexpp": "^4.12.1",
        "@eslint/config-array": "^0.21.1",
        "@eslint/config-helpers": "^0.4.2",
        "@eslint/core": "^0.17.0",
        "@eslint/eslintrc": "^3.3.1",
        "@eslint/js": "9.39.1",
        "@eslint/plugin-kit": "^0.4.1",
        "@humanfs/node": "^0.16.6",
        "@humanwhocodes/module-importer": "^1.0.1",
        "@humanwhocodes/retry": "^0.4.2",
        "@types/estree": "^1.0.6",
        "ajv": "^6.12.4",
        "chalk": "^4.0.0",
        "cross-spawn": "^7.0.6",
        "debug": "^4.3.2",
        "escape-string-regexp": "^4.0.0",
        "eslint-scope": "^8.4.0",
        "eslint-visitor-keys": "^4.2.1",
        "espree": "^10.4.0",
        "esquery": "^1.5.0",
        "esutils": "^2.0.2",
        "fast-deep-equal": "^3.1.3",
        "file-entry-cache": "^8.0.0",
        "find-up": "^5.0.0",
        "glob-parent": "^6.0.2",
        "ignore": "^5.2.0",
        "imurmurhash": "^0.1.4",
        "is-glob": "^4.0.0",
        "json-stable-stringify-without-jsonify": "^1.0.1",
        "lodash.merge": "^4.6.2",
        "minimatch": "^3.1.2",
        "natural-compare": "^1.4.0",
        "optionator": "^0.9.3"
      },
      "bin": {
        "eslint": "bin/eslint.js"
      },
      "engines": {
        "node": "^18.18.0 || ^20.9.0 || >=21.1.0"
      },
      "funding": {
        "url": "https://eslint.org/donate"
      },
      "peerDependencies": {
        "jiti": "*"
      },
      "peerDependenciesMeta": {
        "jiti": {
          "optional": true
        }
      }
    },
    "node_modules/eslint-plugin-react-hooks": {
      "version": "5.2.0",
      "dev": true,
      "license": "MIT",
      "engines": {
        "node": ">=10"
      },
      "peerDependencies": {
        "eslint": "^3.0.0 || ^4.0.0 || ^5.0.0 || ^6.0.0 || ^7.0.0 || ^8.0.0-0 || ^9.0.0"
      }
    },
    "node_modules/eslint-plugin-react-refresh": {
      "version": "0.4.24",
      "dev": true,
      "license": "MIT",
      "peerDependencies": {
        "eslint": ">=8.40"
      }
    },
    "node_modules/eslint-scope": {
      "version": "8.4.0",
      "dev": true,
      "license": "BSD-2-Clause",
      "dependencies": {
        "esrecurse": "^4.3.0",
        "estraverse": "^5.2.0"
      },
      "engines": {
        "node": "^18.18.0 || ^20.9.0 || >=21.1.0"
      },
      "funding": {
        "url": "https://opencollective.com/eslint"
      }
    },
    "node_modules/eslint-visitor-keys": {
      "version": "4.2.1",
      "dev": true,
      "license": "Apache-2.0",
      "engines": {
        "node": "^18.18.0 || ^20.9.0 || >=21.1.0"
      },
      "funding": {
        "url": "https://opencollective.com/eslint"
      }
    },
    "node_modules/espree": {
      "version": "10.4.0",
      "dev": true,
      "license": "BSD-2-Clause",
      "dependencies": {
        "acorn": "^8.15.0",
        "acorn-jsx": "^5.3.2",
        "eslint-visitor-keys": "^4.2.1"
      },
      "engines": {
        "node": "^18.18.0 || ^20.9.0 || >=21.1.0"
      },
      "funding": {
        "url": "https://opencollective.com/eslint"
      }
    },
    "node_modules/esquery": {
      "version": "1.6.0",
      "dev": true,
      "license": "BSD-3-Clause",
      "dependencies": {
        "estraverse": "^5.1.0"
      },
      "engines": {
        "node": ">=0.10"
      }
    },
    "node_modules/esrecurse": {
      "version": "4.3.0",
      "dev": true,
      "license": "BSD-2-Clause",
      "dependencies": {
        "estraverse": "^5.2.0"
      },
      "engines": {
        "node": ">=4.0"
      }
    },
    "node_modules/estraverse": {
      "version": "5.3.0",
      "dev": true,
      "license": "BSD-2-Clause",
      "engines": {
        "node": ">=4.0"
      }
    },
    "node_modules/esutils": {
      "version": "2.0.3",
      "dev": true,
      "license": "BSD-2-Clause",
      "engines": {
        "node": ">=0.10.0"
      }
    },
    "node_modules/fast-deep-equal": {
      "version": "3.1.3",
      "dev": true,
      "license": "MIT"
    },
    "node_modules/fast-glob": {
      "version": "3.3.3",
      "dev": true,
      "license": "MIT",
      "dependencies": {
        "@nodelib/fs.stat": "^2.0.2",
        "@nodelib/fs.walk": "^1.2.3",
        "glob-parent": "^5.1.2",
        "merge2": "^1.3.0",
        "micromatch": "^4.0.8"
      },
      "engines": {
        "node": ">=8.6.0"
      }
    },
    "node_modules/fast-glob/node_modules/glob-parent": {
      "version": "5.1.2",
      "dev": true,
      "license": "ISC",
      "dependencies": {
        "is-glob": "^4.0.1"
      },
      "engines": {
        "node": ">= 6"
      }
    },
    "node_modules/fast-json-stable-stringify": {
      "version": "2.1.0",
      "dev": true,
      "license": "MIT"
    },
    "node_modules/fast-levenshtein": {
      "version": "2.0.6",
      "dev": true,
      "license": "MIT"
    },
    "node_modules/fastq": {
      "version": "1.19.1",
      "dev": true,
      "license": "ISC",
      "dependencies": {
        "reusify": "^1.0.4"
      }
    },
    "node_modules/fdir": {
      "version": "6.5.0",
      "dev": true,
      "license": "MIT",
      "engines": {
        "node": ">=12.0.0"
      },
      "peerDependencies": {
        "picomatch": "^3 || ^4"
      },
      "peerDependenciesMeta": {
        "picomatch": {
          "optional": true
        }
      }
    },
    "node_modules/file-entry-cache": {
      "version": "8.0.0",
      "dev": true,
      "license": "MIT",
      "dependencies": {
        "flat-cache": "^4.0.0"
      },
      "engines": {
        "node": ">=16.0.0"
      }
    },
    "node_modules/fill-range": {
      "version": "7.1.1",
      "dev": true,
      "license": "MIT",
      "dependencies": {
        "to-regex-range": "^5.0.1"
      },
      "engines": {
        "node": ">=8"
      }
    },
    "node_modules/find-up": {
      "version": "5.0.0",
      "dev": true,
      "license": "MIT",
      "dependencies": {
        "locate-path": "^6.0.0",
        "path-exists": "^4.0.0"
      },
      "engines": {
        "node": ">=10"
      },
      "funding": {
        "url": "https://github.com/sponsors/sindresorhus"
      }
    },
    "node_modules/flat-cache": {
      "version": "4.0.1",
      "dev": true,
      "license": "MIT",
      "dependencies": {
        "flatted": "^3.2.9",
        "keyv": "^4.5.4"
      },
      "engines": {
        "node": ">=16"
      }
    },
    "node_modules/flatted": {
      "version": "3.3.3",
      "dev": true,
      "license": "ISC"
    },
    "node_modules/foreground-child": {
      "version": "3.3.1",
      "dev": true,
      "license": "ISC",
      "dependencies": {
        "cross-spawn": "^7.0.6",
        "signal-exit": "^4.0.1"
      },
      "engines": {
        "node": ">=14"
      },
      "funding": {
        "url": "https://github.com/sponsors/isaacs"
      }
    },
    "node_modules/fraction.js": {
      "version": "4.3.7",
      "dev": true,
      "license": "MIT",
      "engines": {
        "node": "*"
      },
      "funding": {
        "type": "patreon",
        "url": "https://github.com/sponsors/rawify"
      }
    },
    "node_modules/fsevents": {
      "version": "2.3.3",
      "dev": true,
      "license": "MIT",
      "optional": true,
      "os": [
        "darwin"
      ],
      "engines": {
        "node": "^8.16.0 || ^10.6.0 || >=11.0.0"
      }
    },
    "node_modules/function-bind": {
      "version": "1.1.2",
      "dev": true,
      "license": "MIT",
      "funding": {
        "url": "https://github.com/sponsors/ljharb"
      }
    },
    "node_modules/gensync": {
      "version": "1.0.0-beta.2",
      "dev": true,
      "license": "MIT",
      "engines": {
        "node": ">=6.9.0"
      }
    },
    "node_modules/glob": {
      "version": "10.4.5",
      "dev": true,
      "license": "ISC",
      "dependencies": {
        "foreground-child": "^3.1.0",
        "jackspeak": "^3.1.2",
        "minimatch": "^9.0.4",
        "minipass": "^7.1.2",
        "package-json-from-dist": "^1.0.0",
        "path-scurry": "^1.11.1"
      },
      "bin": {
        "glob": "dist/esm/bin.mjs"
      },
      "funding": {
        "url": "https://github.com/sponsors/isaacs"
      }
    },
    "node_modules/glob-parent": {
      "version": "6.0.2",
      "dev": true,
      "license": "ISC",
      "dependencies": {
        "is-glob": "^4.0.3"
      },
      "engines": {
        "node": ">=10.13.0"
      }
    },
    "node_modules/glob/node_modules/brace-expansion": {
      "version": "2.0.2",
      "dev": true,
      "license": "MIT",
      "dependencies": {
        "balanced-match": "^1.0.0"
      }
    },
    "node_modules/glob/node_modules/minimatch": {
      "version": "9.0.5",
      "dev": true,
      "license": "ISC",
      "dependencies": {
        "brace-expansion": "^2.0.1"
      },
      "engines": {
        "node": ">=16 || 14 >=14.17"
      },
      "funding": {
        "url": "https://github.com/sponsors/isaacs"
      }
    },
    "node_modules/globals": {
      "version": "16.5.0",
      "dev": true,
      "license": "MIT",
      "engines": {
        "node": ">=18"
      },
      "funding": {
        "url": "https://github.com/sponsors/sindresorhus"
      }
    },
    "node_modules/has-flag": {
      "version": "4.0.0",
      "dev": true,
      "license": "MIT",
      "engines": {
        "node": ">=8"
      }
    },
    "node_modules/hasown": {
      "version": "2.0.2",
      "dev": true,
      "license": "MIT",
      "dependencies": {
        "function-bind": "^1.1.2"
      },
      "engines": {
        "node": ">= 0.4"
      }
    },
    "node_modules/ignore": {
      "version": "5.3.2",
      "dev": true,
      "license": "MIT",
      "engines": {
        "node": ">= 4"
      }
    },
    "node_modules/import-fresh": {
      "version": "3.3.1",
      "dev": true,
      "license": "MIT",
      "dependencies": {
        "parent-module": "^1.0.0",
        "resolve-from": "^4.0.0"
      },
      "engines": {
        "node": ">=6"
      },
      "funding": {
        "url": "https://github.com/sponsors/sindresorhus"
      }
    },
    "node_modules/imurmurhash": {
      "version": "0.1.4",
      "dev": true,
      "license": "MIT",
      "engines": {
        "node": ">=0.8.19"
      }
    },
    "node_modules/is-binary-path": {
      "version": "2.1.0",
      "dev": true,
      "license": "MIT",
      "dependencies": {
        "binary-extensions": "^2.0.0"
      },
      "engines": {
        "node": ">=8"
      }
    },
    "node_modules/is-core-module": {
      "version": "2.16.1",
      "dev": true,
      "license": "MIT",
      "dependencies": {
        "hasown": "^2.0.2"
      },
      "engines": {
        "node": ">= 0.4"
      },
      "funding": {
        "url": "https://github.com/sponsors/ljharb"
      }
    },
    "node_modules/is-extglob": {
      "version": "2.1.1",
      "dev": true,
      "license": "MIT",
      "engines": {
        "node": ">=0.10.0"
      }
    },
    "node_modules/is-fullwidth-code-point": {
      "version": "3.0.0",
      "dev": true,
      "license": "MIT",
      "engines": {
        "node": ">=8"
      }
    },
    "node_modules/is-glob": {
      "version": "4.0.3",
      "dev": true,
      "license": "MIT",
      "dependencies": {
        "is-extglob": "^2.1.1"
      },
      "engines": {
        "node": ">=0.10.0"
      }
    },
    "node_modules/is-number": {
      "version": "7.0.0",
      "dev": true,
      "license": "MIT",
      "engines": {
        "node": ">=0.12.0"
      }
    },
    "node_modules/isexe": {
      "version": "2.0.0",
      "dev": true,
      "license": "ISC"
    },
    "node_modules/jackspeak": {
      "version": "3.4.3",
      "dev": true,
      "license": "BlueOak-1.0.0",
      "dependencies": {
        "@isaacs/cliui": "^8.0.2"
      },
      "funding": {
        "url": "https://github.com/sponsors/isaacs"
      },
      "optionalDependencies": {
        "@pkgjs/parseargs": "^0.11.0"
      }
    },
    "node_modules/jiti": {
      "version": "1.21.7",
      "dev": true,
      "license": "MIT",
      "bin": {
        "jiti": "bin/jiti.js"
      }
    },
    "node_modules/js-tokens": {
      "version": "4.0.0",
      "dev": true,
      "license": "MIT"
    },
    "node_modules/js-yaml": {
      "version": "4.1.0",
      "dev": true,
      "license": "MIT",
      "dependencies": {
        "argparse": "^2.0.1"
      },
      "bin": {
        "js-yaml": "bin/js-yaml.js"
      }
    },
    "node_modules/jsesc": {
      "version": "3.1.0",
      "dev": true,
      "license": "MIT",
      "bin": {
        "jsesc": "bin/jsesc"
      },
      "engines": {
        "node": ">=6"
      }
    },
    "node_modules/json-buffer": {
      "version": "3.0.1",
      "dev": true,
      "license": "MIT"
    },
    "node_modules/json-schema-traverse": {
      "version": "0.4.1",
      "dev": true,
      "license": "MIT"
    },
    "node_modules/json-stable-stringify-without-jsonify": {
      "version": "1.0.1",
      "dev": true,
      "license": "MIT"
    },
    "node_modules/json5": {
      "version": "2.2.3",
      "dev": true,
      "license": "MIT",
      "bin": {
        "json5": "lib/cli.js"
      },
      "engines": {
        "node": ">=6"
      }
    },
    "node_modules/keyv": {
      "version": "4.5.4",
      "dev": true,
      "license": "MIT",
      "dependencies": {
        "json-buffer": "3.0.1"
      }
    },
    "node_modules/levn": {
      "version": "0.4.1",
      "dev": true,
      "license": "MIT",
      "dependencies": {
        "prelude-ls": "^1.2.1",
        "type-check": "~0.4.0"
      },
      "engines": {
        "node": ">= 0.8.0"
      }
    },
    "node_modules/lilconfig": {
      "version": "2.1.0",
      "dev": true,
      "license": "MIT",
      "engines": {
        "node": ">=10"
      }
    },
    "node_modules/lines-and-columns": {
      "version": "1.2.4",
      "dev": true,
      "license": "MIT"
    },
    "node_modules/locate-path": {
      "version": "6.0.0",
      "dev": true,
      "license": "MIT",
      "dependencies": {
        "p-locate": "^5.0.0"
      },
      "engines": {
        "node": ">=10"
      },
      "funding": {
        "url": "https://github.com/sponsors/sindresorhus"
      }
    },
    "node_modules/lodash.merge": {
      "version": "4.6.2",
      "dev": true,
      "license": "MIT"
    },
    "node_modules/lru-cache": {
      "version": "5.1.1",
      "dev": true,
      "license": "ISC",
      "dependencies": {
        "yallist": "^3.0.2"
      }
    },
    "node_modules/merge2": {
      "version": "1.4.1",
      "dev": true,
      "license": "MIT",
      "engines": {
        "node": ">= 8"
      }
    },
    "node_modules/micromatch": {
      "version": "4.0.8",
      "dev": true,
      "license": "MIT",
      "dependencies": {
        "braces": "^3.0.3",
        "picomatch": "^2.3.1"
      },
      "engines": {
        "node": ">=8.6"
      }
    },
    "node_modules/micromatch/node_modules/picomatch": {
      "version": "2.3.1",
      "dev": true,
      "license": "MIT",
      "engines": {
        "node": ">=8.6"
      },
      "funding": {
        "url": "https://github.com/sponsors/jonschlinkert"
      }
    },
    "node_modules/minimatch": {
      "version": "3.1.2",
      "dev": true,
      "license": "ISC",
      "dependencies": {
        "brace-expansion": "^1.1.7"
      },
      "engines": {
        "node": "*"
      }
    },
    "node_modules/minipass": {
      "version": "7.1.2",
      "dev": true,
      "license": "ISC",
      "engines": {
        "node": ">=16 || 14 >=14.17"
      }
    },
    "node_modules/ms": {
      "version": "2.1.3",
      "dev": true,
      "license": "MIT"
    },
    "node_modules/mz": {
      "version": "2.7.0",
      "dev": true,
      "license": "MIT",
      "dependencies": {
        "any-promise": "^1.0.0",
        "object-assign": "^4.0.1",
        "thenify-all": "^1.0.0"
      }
    },
    "node_modules/nanoid": {
      "version": "3.3.11",
      "dev": true,
      "funding": [
        {
          "type": "github",
          "url": "https://github.com/sponsors/ai"
        }
      ],
      "license": "MIT",
      "bin": {
        "nanoid": "bin/nanoid.cjs"
      },
      "engines": {
        "node": "^10 || ^12 || ^13.7 || ^14 || >=15.0.1"
      }
    },
    "node_modules/natural-compare": {
      "version": "1.4.0",
      "dev": true,
      "license": "MIT"
    },
    "node_modules/node-releases": {
      "version": "2.0.27",
      "dev": true,
      "license": "MIT"
    },
    "node_modules/normalize-path": {
      "version": "3.0.0",
      "dev": true,
      "license": "MIT",
      "engines": {
        "node": ">=0.10.0"
      }
    },
    "node_modules/normalize-range": {
      "version": "0.1.2",
      "dev": true,
      "license": "MIT",
      "engines": {
        "node": ">=0.10.0"
      }
    },
    "node_modules/object-assign": {
      "version": "4.1.1",
      "dev": true,
      "license": "MIT",
      "engines": {
        "node": ">=0.10.0"
      }
    },
    "node_modules/object-hash": {
      "version": "3.0.0",
      "dev": true,
      "license": "MIT",
      "engines": {
        "node": ">= 6"
      }
    },
    "node_modules/optionator": {
      "version": "0.9.4",
      "dev": true,
      "license": "MIT",
      "dependencies": {
        "deep-is": "^0.1.3",
        "fast-levenshtein": "^2.0.6",
        "levn": "^0.4.1",
        "prelude-ls": "^1.2.1",
        "type-check": "^0.4.0",
        "word-wrap": "^1.2.5"
      },
      "engines": {
        "node": ">= 0.8.0"
      }
    },
    "node_modules/p-limit": {
      "version": "3.1.0",
      "dev": true,
      "license": "MIT",
      "dependencies": {
        "yocto-queue": "^0.1.0"
      },
      "engines": {
        "node": ">=10"
      },
      "funding": {
        "url": "https://github.com/sponsors/sindresorhus"
      }
    },
    "node_modules/p-locate": {
      "version": "5.0.0",
      "dev": true,
      "license": "MIT",
      "dependencies": {
        "p-limit": "^3.0.2"
      },
      "engines": {
        "node": ">=10"
      },
      "funding": {
        "url": "https://github.com/sponsors/sindresorhus"
      }
    },
    "node_modules/package-json-from-dist": {
      "version": "1.0.1",
      "dev": true,
      "license": "BlueOak-1.0.0"
    },
    "node_modules/parent-module": {
      "version": "1.0.1",
      "dev": true,
      "license": "MIT",
      "dependencies": {
        "callsites": "^3.0.0"
      },
      "engines": {
        "node": ">=6"
      }
    },
    "node_modules/path-exists": {
      "version": "4.0.0",
      "dev": true,
      "license": "MIT",
      "engines": {
        "node": ">=8"
      }
    },
    "node_modules/path-key": {
      "version": "3.1.1",
      "dev": true,
      "license": "MIT",
      "engines": {
        "node": ">=8"
      }
    },
    "node_modules/path-parse": {
      "version": "1.0.7",
      "dev": true,
      "license": "MIT"
    },
    "node_modules/path-scurry": {
      "version": "1.11.1",
      "dev": true,
      "license": "BlueOak-1.0.0",
      "dependencies": {
        "lru-cache": "^10.2.0",
        "minipass": "^5.0.0 || ^6.0.2 || ^7.0.0"
      },
      "engines": {
        "node": ">=16 || 14 >=14.18"
      },
      "funding": {
        "url": "https://github.com/sponsors/isaacs"
      }
    },
    "node_modules/path-scurry/node_modules/lru-cache": {
      "version": "10.4.3",
      "dev": true,
      "license": "ISC"
    },
    "node_modules/picocolors": {
      "version": "1.1.1",
      "dev": true,
      "license": "ISC"
    },
    "node_modules/picomatch": {
      "version": "4.0.3",
      "dev": true,
      "license": "MIT",
      "engines": {
        "node": ">=12"
      },
      "funding": {
        "url": "https://github.com/sponsors/jonschlinkert"
      }
    },
    "node_modules/pify": {
      "version": "2.3.0",
      "dev": true,
      "license": "MIT",
      "engines": {
        "node": ">=0.10.0"
      }
    },
    "node_modules/pirates": {
      "version": "4.0.7",
      "dev": true,
      "license": "MIT",
      "engines": {
        "node": ">= 6"
      }
    },
    "node_modules/postcss": {
      "version": "8.5.6",
      "dev": true,
      "funding": [
        {
          "type": "opencollective",
          "url": "https://opencollective.com/postcss/"
        },
        {
          "type": "tidelift",
          "url": "https://tidelift.com/funding/github/npm/postcss"
        },
        {
          "type": "github",
          "url": "https://github.com/sponsors/ai"
        }
      ],
      "license": "MIT",
      "dependencies": {
        "nanoid": "^3.3.11",
        "picocolors": "^1.1.1",
        "source-map-js": "^1.2.1"
      },
      "engines": {
        "node": "^10 || ^12 || >=14"
      }
    },
    "node_modules/postcss-import": {
      "version": "15.1.0",
      "dev": true,
      "license": "MIT",
      "dependencies": {
        "postcss-value-parser": "^4.0.0",
        "read-cache": "^1.0.0",
        "resolve": "^1.1.7"
      },
      "engines": {
        "node": ">=14.0.0"
      },
      "peerDependencies": {
        "postcss": "^8.0.0"
      }
    },
    "node_modules/postcss-js": {
      "version": "4.1.0",
      "dev": true,
      "funding": [
        {
          "type": "opencollective",
          "url": "https://opencollective.com/postcss/"
        },
        {
          "type": "github",
          "url": "https://github.com/sponsors/ai"
        }
      ],
      "license": "MIT",
      "dependencies": {
        "camelcase-css": "^2.0.1"
      },
      "engines": {
        "node": "^12 || ^14 || >= 16"
      },
      "peerDependencies": {
        "postcss": "^8.4.21"
      }
    },
    "node_modules/postcss-load-config": {
      "version": "4.0.2",
      "dev": true,
      "funding": [
        {
          "type": "opencollective",
          "url": "https://opencollective.com/postcss/"
        },
        {
          "type": "github",
          "url": "https://github.com/sponsors/ai"
        }
      ],
      "license": "MIT",
      "dependencies": {
        "lilconfig": "^3.0.0",
        "yaml": "^2.3.4"
      },
      "engines": {
        "node": ">= 14"
      },
      "peerDependencies": {
        "postcss": ">=8.0.9",
        "ts-node": ">=9.0.0"
      },
      "peerDependenciesMeta": {
        "postcss": {
          "optional": true
        },
        "ts-node": {
          "optional": true
        }
      }
    },
    "node_modules/postcss-load-config/node_modules/lilconfig": {
      "version": "3.1.3",
      "dev": true,
      "license": "MIT",
      "engines": {
        "node": ">=14"
      },
      "funding": {
        "url": "https://github.com/sponsors/antonk52"
      }
    },
    "node_modules/postcss-nested": {
      "version": "6.2.0",
      "dev": true,
      "funding": [
        {
          "type": "opencollective",
          "url": "https://opencollective.com/postcss/"
        },
        {
          "type": "github",
          "url": "https://github.com/sponsors/ai"
        }
      ],
      "license": "MIT",
      "dependencies": {
        "postcss-selector-parser": "^6.1.1"
      },
      "engines": {
        "node": ">=12.0"
      },
      "peerDependencies": {
        "postcss": "^8.2.14"
      }
    },
    "node_modules/postcss-selector-parser": {
      "version": "6.1.2",
      "dev": true,
      "license": "MIT",
      "dependencies": {
        "cssesc": "^3.0.0",
        "util-deprecate": "^1.0.2"
      },
      "engines": {
        "node": ">=4"
      }
    },
    "node_modules/postcss-value-parser": {
      "version": "4.2.0",
      "dev": true,
      "license": "MIT"
    },
    "node_modules/prelude-ls": {
      "version": "1.2.1",
      "dev": true,
      "license": "MIT",
      "engines": {
        "node": ">= 0.8.0"
      }
    },
    "node_modules/punycode": {
      "version": "2.3.1",
      "dev": true,
      "license": "MIT",
      "engines": {
        "node": ">=6"
      }
    },
    "node_modules/queue-microtask": {
      "version": "1.2.3",
      "dev": true,
      "funding": [
        {
          "type": "github",
          "url": "https://github.com/sponsors/feross"
        },
        {
          "type": "patreon",
          "url": "https://www.patreon.com/feross"
        },
        {
          "type": "consulting",
          "url": "https://feross.org/support"
        }
      ],
      "license": "MIT"
    },
    "node_modules/react": {
      "version": "19.2.0",
      "license": "MIT",
      "engines": {
        "node": ">=0.10.0"
      }
    },
    "node_modules/react-dom": {
      "version": "19.2.0",
      "license": "MIT",
      "dependencies": {
        "scheduler": "^0.27.0"
      },
      "peerDependencies": {
        "react": "^19.2.0"
      }
    },
    "node_modules/react-refresh": {
      "version": "0.18.0",
      "dev": true,
      "license": "MIT",
      "engines": {
        "node": ">=0.10.0"
      }
    },
    "node_modules/read-cache": {
      "version": "1.0.0",
      "dev": true,
      "license": "MIT",
      "dependencies": {
        "pify": "^2.3.0"
      }
    },
    "node_modules/readdirp": {
      "version": "3.6.0",
      "dev": true,
      "license": "MIT",
      "dependencies": {
        "picomatch": "^2.2.1"
      },
      "engines": {
        "node": ">=8.10.0"
      }
    },
    "node_modules/readdirp/node_modules/picomatch": {
      "version": "2.3.1",
      "dev": true,
      "license": "MIT",
      "engines": {
        "node": ">=8.6"
      },
      "funding": {
        "url": "https://github.com/sponsors/jonschlinkert"
      }
    },
    "node_modules/resolve": {
      "version": "1.22.11",
      "dev": true,
      "license": "MIT",
      "dependencies": {
        "is-core-module": "^2.16.1",
        "path-parse": "^1.0.7",
        "supports-preserve-symlinks-flag": "^1.0.0"
      },
      "bin": {
        "resolve": "bin/resolve"
      },
      "engines": {
        "node": ">= 0.4"
      },
      "funding": {
        "url": "https://github.com/sponsors/ljharb"
      }
    },
    "node_modules/resolve-from": {
      "version": "4.0.0",
      "dev": true,
      "license": "MIT",
      "engines": {
        "node": ">=4"
      }
    },
    "node_modules/reusify": {
      "version": "1.1.0",
      "dev": true,
      "license": "MIT",
      "engines": {
        "iojs": ">=1.0.0",
        "node": ">=0.10.0"
      }
    },
    "node_modules/rollup": {
      "version": "4.53.1",
      "dev": true,
      "license": "MIT",
      "dependencies": {
        "@types/estree": "1.0.8"
      },
      "bin": {
        "rollup": "dist/bin/rollup"
      },
      "engines": {
        "node": ">=18.0.0",
        "npm": ">=8.0.0"
      },
      "optionalDependencies": {
        "@rollup/rollup-android-arm-eabi": "4.53.1",
        "@rollup/rollup-android-arm64": "4.53.1",
        "@rollup/rollup-darwin-arm64": "4.53.1",
        "@rollup/rollup-darwin-x64": "4.53.1",
        "@rollup/rollup-freebsd-arm64": "4.53.1",
        "@rollup/rollup-freebsd-x64": "4.53.1",
        "@rollup/rollup-linux-arm-gnueabihf": "4.53.1",
        "@rollup/rollup-linux-arm-musleabihf": "4.53.1",
        "@rollup/rollup-linux-arm64-gnu": "4.53.1",
        "@rollup/rollup-linux-arm64-musl": "4.53.1",
        "@rollup/rollup-linux-loong64-gnu": "4.53.1",
        "@rollup/rollup-linux-ppc64-gnu": "4.53.1",
        "@rollup/rollup-linux-riscv64-gnu": "4.53.1",
        "@rollup/rollup-linux-riscv64-musl": "4.53.1",
        "@rollup/rollup-linux-s390x-gnu": "4.53.1",
        "@rollup/rollup-linux-x64-gnu": "4.53.1",
        "@rollup/rollup-linux-x64-musl": "4.53.1",
        "@rollup/rollup-openharmony-arm64": "4.53.1",
        "@rollup/rollup-win32-arm64-msvc": "4.53.1",
        "@rollup/rollup-win32-ia32-msvc": "4.53.1",
        "@rollup/rollup-win32-x64-gnu": "4.53.1",
        "@rollup/rollup-win32-x64-msvc": "4.53.1",
        "fsevents": "~2.3.2"
      }
    },
    "node_modules/run-parallel": {
      "version": "1.2.0",
      "dev": true,
      "funding": [
        {
          "type": "github",
          "url": "https://github.com/sponsors/feross"
        },
        {
          "type": "patreon",
          "url": "https://www.patreon.com/feross"
        },
        {
          "type": "consulting",
          "url": "https://feross.org/support"
        }
      ],
      "license": "MIT",
      "dependencies": {
        "queue-microtask": "^1.2.2"
      }
    },
    "node_modules/scheduler": {
      "version": "0.27.0",
      "license": "MIT"
    },
    "node_modules/semver": {
      "version": "6.3.1",
      "dev": true,
      "license": "ISC",
      "bin": {
        "semver": "bin/semver.js"
      }
    },
    "node_modules/shebang-command": {
      "version": "2.0.0",
      "dev": true,
      "license": "MIT",
      "dependencies": {
        "shebang-regex": "^3.0.0"
      },
      "engines": {
        "node": ">=8"
      }
    },
    "node_modules/shebang-regex": {
      "version": "3.0.0",
      "dev": true,
      "license": "MIT",
      "engines": {
        "node": ">=8"
      }
    },
    "node_modules/signal-exit": {
      "version": "4.1.0",
      "dev": true,
      "license": "ISC",
      "engines": {
        "node": ">=14"
      },
      "funding": {
        "url": "https://github.com/sponsors/isaacs"
      }
    },
    "node_modules/source-map-js": {
      "version": "1.2.1",
      "dev": true,
      "license": "BSD-3-Clause",
      "engines": {
        "node": ">=0.10.0"
      }
    },
    "node_modules/string-width": {
      "version": "5.1.2",
      "dev": true,
      "license": "MIT",
      "dependencies": {
        "eastasianwidth": "^0.2.0",
        "emoji-regex": "^9.2.2",
        "strip-ansi": "^7.0.1"
      },
      "engines": {
        "node": ">=12"
      },
      "funding": {
        "url": "https://github.com/sponsors/sindresorhus"
      }
    },
    "node_modules/string-width-cjs": {
      "name": "string-width",
      "version": "4.2.3",
      "dev": true,
      "license": "MIT",
      "dependencies": {
        "emoji-regex": "^8.0.0",
        "is-fullwidth-code-point": "^3.0.0",
        "strip-ansi": "^6.0.1"
      },
      "engines": {
        "node": ">=8"
      }
    },
    "node_modules/string-width-cjs/node_modules/ansi-regex": {
      "version": "5.0.1",
      "dev": true,
      "license": "MIT",
      "engines": {
        "node": ">=8"
      }
    },
    "node_modules/string-width-cjs/node_modules/emoji-regex": {
      "version": "8.0.0",
      "dev": true,
      "license": "MIT"
    },
    "node_modules/string-width-cjs/node_modules/strip-ansi": {
      "version": "6.0.1",
      "dev": true,
      "license": "MIT",
      "dependencies": {
        "ansi-regex": "^5.0.1"
      },
      "engines": {
        "node": ">=8"
      }
    },
    "node_modules/strip-ansi": {
      "version": "7.1.2",
      "dev": true,
      "license": "MIT",
      "dependencies": {
        "ansi-regex": "^6.0.1"
      },
      "engines": {
        "node": ">=12"
      },
      "funding": {
        "url": "https://github.com/chalk/strip-ansi?sponsor=1"
      }
    },
    "node_modules/strip-ansi-cjs": {
      "name": "strip-ansi",
      "version": "6.0.1",
      "dev": true,
      "license": "MIT",
      "dependencies": {
        "ansi-regex": "^5.0.1"
      },
      "engines": {
        "node": ">=8"
      }
    },
    "node_modules/strip-ansi-cjs/node_modules/ansi-regex": {
      "version": "5.0.1",
      "dev": true,
      "license": "MIT",
      "engines": {
        "node": ">=8"
      }
    },
    "node_modules/strip-json-comments": {
      "version": "3.1.1",
      "dev": true,
      "license": "MIT",
      "engines": {
        "node": ">=8"
      },
      "funding": {
        "url": "https://github.com/sponsors/sindresorhus"
      }
    },
    "node_modules/sucrase": {
      "version": "3.35.0",
      "dev": true,
      "license": "MIT",
      "dependencies": {
        "@jridgewell/gen-mapping": "^0.3.2",
        "commander": "^4.0.0",
        "glob": "^10.3.10",
        "lines-and-columns": "^1.1.6",
        "mz": "^2.7.0",
        "pirates": "^4.0.1",
        "ts-interface-checker": "^0.1.9"
      },
      "bin": {
        "sucrase": "bin/sucrase",
        "sucrase-node": "bin/sucrase-node"
      },
      "engines": {
        "node": ">=16 || 14 >=14.17"
      }
    },
    "node_modules/supports-color": {
      "version": "7.2.0",
      "dev": true,
      "license": "MIT",
      "dependencies": {
        "has-flag": "^4.0.0"
      },
      "engines": {
        "node": ">=8"
      }
    },
    "node_modules/supports-preserve-symlinks-flag": {
      "version": "1.0.0",
      "dev": true,
      "license": "MIT",
      "engines": {
        "node": ">= 0.4"
      },
      "funding": {
        "url": "https://github.com/sponsors/ljharb"
      }
    },
    "node_modules/tailwindcss": {
      "version": "3.4.14",
      "dev": true,
      "license": "MIT",
      "dependencies": {
        "@alloc/quick-lru": "^5.2.0",
        "arg": "^5.0.2",
        "chokidar": "^3.5.3",
        "didyoumean": "^1.2.2",
        "dlv": "^1.1.3",
        "fast-glob": "^3.3.0",
        "glob-parent": "^6.0.2",
        "is-glob": "^4.0.3",
        "jiti": "^1.21.0",
        "lilconfig": "^2.1.0",
        "micromatch": "^4.0.5",
        "normalize-path": "^3.0.0",
        "object-hash": "^3.0.0",
        "picocolors": "^1.0.0",
        "postcss": "^8.4.23",
        "postcss-import": "^15.1.0",
        "postcss-js": "^4.0.1",
        "postcss-load-config": "^4.0.1",
        "postcss-nested": "^6.0.1",
        "postcss-selector-parser": "^6.0.11",
        "resolve": "^1.22.2",
        "sucrase": "^3.32.0"
      },
      "bin": {
        "tailwind": "lib/cli.js",
        "tailwindcss": "lib/cli.js"
      },
      "engines": {
        "node": ">=14.0.0"
      }
    },
    "node_modules/thenify": {
      "version": "3.3.1",
      "dev": true,
      "license": "MIT",
      "dependencies": {
        "any-promise": "^1.0.0"
      }
    },
    "node_modules/thenify-all": {
      "version": "1.6.0",
      "dev": true,
      "license": "MIT",
      "dependencies": {
        "thenify": ">= 3.1.0 < 4"
      },
      "engines": {
        "node": ">=0.8"
      }
    },
    "node_modules/tinyglobby": {
      "version": "0.2.15",
      "dev": true,
      "license": "MIT",
      "dependencies": {
        "fdir": "^6.5.0",
        "picomatch": "^4.0.3"
      },
      "engines": {
        "node": ">=12.0.0"
      },
      "funding": {
        "url": "https://github.com/sponsors/SuperchupuDev"
      }
    },
    "node_modules/to-regex-range": {
      "version": "5.0.1",
      "dev": true,
      "license": "MIT",
      "dependencies": {
        "is-number": "^7.0.0"
      },
      "engines": {
        "node": ">=8.0"
      }
    },
    "node_modules/ts-interface-checker": {
      "version": "0.1.13",
      "dev": true,
      "license": "Apache-2.0"
    },
    "node_modules/type-check": {
      "version": "0.4.0",
      "dev": true,
      "license": "MIT",
      "dependencies": {
        "prelude-ls": "^1.2.1"
      },
      "engines": {
        "node": ">= 0.8.0"
      }
    },
    "node_modules/update-browserslist-db": {
      "version": "1.1.4",
      "dev": true,
      "funding": [
        {
          "type": "opencollective",
          "url": "https://opencollective.com/browserslist"
        },
        {
          "type": "tidelift",
          "url": "https://tidelift.com/funding/github/npm/browserslist"
        },
        {
          "type": "github",
          "url": "https://github.com/sponsors/ai"
        }
      ],
      "license": "MIT",
      "dependencies": {
        "escalade": "^3.2.0",
        "picocolors": "^1.1.1"
      },
      "bin": {
        "update-browserslist-db": "cli.js"
      },
      "peerDependencies": {
        "browserslist": ">= 4.21.0"
      }
    },
    "node_modules/uri-js": {
      "version": "4.4.1",
      "dev": true,
      "license": "BSD-2-Clause",
      "dependencies": {
        "punycode": "^2.1.0"
      }
    },
    "node_modules/util-deprecate": {
      "version": "1.0.2",
      "dev": true,
      "license": "MIT"
    },
    "node_modules/vite": {
      "version": "7.2.2",
      "dev": true,
      "license": "MIT",
      "dependencies": {
        "esbuild": "^0.25.0",
        "fdir": "^6.5.0",
        "picomatch": "^4.0.3",
        "postcss": "^8.5.6",
        "rollup": "^4.43.0",
        "tinyglobby": "^0.2.15"
      },
      "bin": {
        "vite": "bin/vite.js"
      },
      "engines": {
        "node": "^20.19.0 || >=22.12.0"
      },
      "funding": {
        "url": "https://github.com/vitejs/vite?sponsor=1"
      },
      "optionalDependencies": {
        "fsevents": "~2.3.3"
      },
      "peerDependencies": {
        "@types/node": "^20.19.0 || >=22.12.0",
        "jiti": ">=1.21.0",
        "less": "^4.0.0",
        "lightningcss": "^1.21.0",
        "sass": "^1.70.0",
        "sass-embedded": "^1.70.0",
        "stylus": ">=0.54.8",
        "sugarss": "^5.0.0",
        "terser": "^5.16.0",
        "tsx": "^4.8.1",
        "yaml": "^2.4.2"
      },
      "peerDependenciesMeta": {
        "@types/node": {
          "optional": true
        },
        "jiti": {
          "optional": true
        },
        "less": {
          "optional": true
        },
        "lightningcss": {
          "optional": true
        },
        "sass": {
          "optional": true
        },
        "sass-embedded": {
          "optional": true
        },
        "stylus": {
          "optional": true
        },
        "sugarss": {
          "optional": true
        },
        "terser": {
          "optional": true
        },
        "tsx": {
          "optional": true
        },
        "yaml": {
          "optional": true
        }
      }
    },
    "node_modules/which": {
      "version": "2.0.2",
      "dev": true,
      "license": "ISC",
      "dependencies": {
        "isexe": "^2.0.0"
      },
      "bin": {
        "node-which": "bin/node-which"
      },
      "engines": {
        "node": ">= 8"
      }
    },
    "node_modules/word-wrap": {
      "version": "1.2.5",
      "dev": true,
      "license": "MIT",
      "engines": {
        "node": ">=0.10.0"
      }
    },
    "node_modules/wrap-ansi": {
      "version": "8.1.0",
      "dev": true,
      "license": "MIT",
      "dependencies": {
        "ansi-styles": "^6.1.0",
        "string-width": "^5.0.1",
        "strip-ansi": "^7.0.1"
      },
      "engines": {
        "node": ">=12"
      },
      "funding": {
        "url": "https://github.com/chalk/wrap-ansi?sponsor=1"
      }
    },
    "node_modules/wrap-ansi-cjs": {
      "name": "wrap-ansi",
      "version": "7.0.0",
      "dev": true,
      "license": "MIT",
      "dependencies": {
        "ansi-styles": "^4.0.0",
        "string-width": "^4.1.0",
        "strip-ansi": "^6.0.0"
      },
      "engines": {
        "node": ">=10"
      },
      "funding": {
        "url": "https://github.com/chalk/wrap-ansi?sponsor=1"
      }
    },
    "node_modules/wrap-ansi-cjs/node_modules/ansi-regex": {
      "version": "5.0.1",
      "dev": true,
      "license": "MIT",
      "engines": {
        "node": ">=8"
      }
    },
    "node_modules/wrap-ansi-cjs/node_modules/emoji-regex": {
      "version": "8.0.0",
      "dev": true,
      "license": "MIT"
    },
    "node_modules/wrap-ansi-cjs/node_modules/string-width": {
      "version": "4.2.3",
      "dev": true,
      "license": "MIT",
      "dependencies": {
        "emoji-regex": "^8.0.0",
        "is-fullwidth-code-point": "^3.0.0",
        "strip-ansi": "^6.0.1"
      },
      "engines": {
        "node": ">=8"
      }
    },
    "node_modules/wrap-ansi-cjs/node_modules/strip-ansi": {
      "version": "6.0.1",
      "dev": true,
      "license": "MIT",
      "dependencies": {
        "ansi-regex": "^5.0.1"
      },
      "engines": {
        "node": ">=8"
      }
    },
    "node_modules/wrap-ansi/node_modules/ansi-styles": {
      "version": "6.2.3",
      "dev": true,
      "license": "MIT",
      "engines": {
        "node": ">=12"
      },
      "funding": {
        "url": "https://github.com/chalk/ansi-styles?sponsor=1"
      }
    },
    "node_modules/yallist": {
      "version": "3.1.1",
      "dev": true,
      "license": "ISC"
    },
    "node_modules/yaml": {
      "version": "2.8.1",
      "dev": true,
      "license": "ISC",
      "bin": {
        "yaml": "bin.mjs"
      },
      "engines": {
        "node": ">= 14.6"
      }
    },
    "node_modules/yocto-queue": {
      "version": "0.1.0",
      "dev": true,
      "license": "MIT",
      "engines": {
        "node": ">=10"
      },
      "funding": {
        "url": "https://github.com/sponsors/sindresorhus"
      }
    }
  }
}
